[{"model": "admin.logentry", "pk": 1, "fields": {"action_time": "2024-05-29T18:25:38.187Z", "user": 1, "content_type": 8, "object_id": "11", "object_repr": "photos/rusky_a_indicky_vesmirny_program.jpg", "action_flag": 3, "change_message": ""}}, {"model": "admin.logentry", "pk": 2, "fields": {"action_time": "2024-06-08T12:29:02.817Z", "user": 1, "content_type": 4, "object_id": "2", "object_repr": "lama", "action_flag": 2, "change_message": "[{\"changed\": {\"fields\": [\"Groups\"]}}]"}}, {"model": "admin.logentry", "pk": 3, "fields": {"action_time": "2024-06-08T12:36:34.564Z", "user": 1, "content_type": 4, "object_id": "2", "object_repr": "lama", "action_flag": 2, "change_message": "[{\"changed\": {\"fields\": [\"Groups\"]}}]"}}, {"model": "admin.logentry", "pk": 4, "fields": {"action_time": "2024-06-08T12:39:39.051Z", "user": 1, "content_type": 4, "object_id": "2", "object_repr": "lama", "action_flag": 2, "change_message": "[{\"changed\": {\"fields\": [\"Groups\"]}}]"}}, {"model": "admin.logentry", "pk": 5, "fields": {"action_time": "2024-06-08T12:46:29.811Z", "user": 1, "content_type": 4, "object_id": "2", "object_repr": "lama", "action_flag": 2, "change_message": "[{\"changed\": {\"fields\": [\"Groups\"]}}]"}}, {"model": "admin.logentry", "pk": 6, "fields": {"action_time": "2024-06-08T12:48:49.376Z", "user": 1, "content_type": 4, "object_id": "2", "object_repr": "lama", "action_flag": 2, "change_message": "[{\"changed\": {\"fields\": [\"Groups\"]}}]"}}, {"model": "admin.logentry", "pk": 7, "fields": {"action_time": "2024-06-08T12:51:22.814Z", "user": 1, "content_type": 4, "object_id": "2", "object_repr": "lama", "action_flag": 2, "change_message": "[{\"changed\": {\"fields\": [\"Groups\"]}}]"}}, {"model": "admin.logentry", "pk": 8, "fields": {"action_time": "2024-06-08T13:09:37.214Z", "user": 1, "content_type": 3, "object_id": "2", "object_repr": "editor", "action_flag": 2, "change_message": "[{\"changed\": {\"fields\": [\"Permissions\"]}}]"}}, {"model": "admin.logentry", "pk": 9, "fields": {"action_time": "2024-06-08T13:09:57.820Z", "user": 1, "content_type": 4, "object_id": "2", "object_repr": "lama", "action_flag": 2, "change_message": "[{\"changed\": {\"fields\": [\"Groups\"]}}]"}}, {"model": "admin.logentry", "pk": 10, "fields": {"action_time": "2024-06-08T13:18:44.375Z", "user": 1, "content_type": 4, "object_id": "3", "object_repr": "editor", "action_flag": 1, "change_message": "[{\"added\": {}}]"}}, {"model": "admin.logentry", "pk": 11, "fields": {"action_time": "2024-06-08T13:18:52.082Z", "user": 1, "content_type": 4, "object_id": "3", "object_repr": "editor", "action_flag": 2, "change_message": "[{\"changed\": {\"fields\": [\"Groups\"]}}]"}}, {"model": "admin.logentry", "pk": 12, "fields": {"action_time": "2024-06-08T13:19:10.049Z", "user": 1, "content_type": 4, "object_id": "4", "object_repr": "viewer", "action_flag": 1, "change_message": "[{\"added\": {}}]"}}, {"model": "admin.logentry", "pk": 13, "fields": {"action_time": "2024-06-08T13:19:19.132Z", "user": 1, "content_type": 4, "object_id": "4", "object_repr": "viewer", "action_flag": 2, "change_message": "[{\"changed\": {\"fields\": [\"Groups\"]}}]"}}, {"model": "admin.logentry", "pk": 14, "fields": {"action_time": "2024-06-08T13:35:15.425Z", "user": 1, "content_type": 4, "object_id": "2", "object_repr": "lama", "action_flag": 2, "change_message": "[{\"changed\": {\"fields\": [\"Groups\"]}}]"}}, {"model": "admin.logentry", "pk": 15, "fields": {"action_time": "2024-06-09T14:18:38.314Z", "user": 1, "content_type": 4, "object_id": "1", "object_repr": "bulan", "action_flag": 2, "change_message": "[{\"changed\": {\"fields\": [\"Groups\"]}}]"}}, {"model": "auth.permission", "pk": 1, "fields": {"name": "Can add log entry", "content_type": 1, "codename": "add_logentry"}}, {"model": "auth.permission", "pk": 2, "fields": {"name": "Can change log entry", "content_type": 1, "codename": "change_logentry"}}, {"model": "auth.permission", "pk": 3, "fields": {"name": "Can delete log entry", "content_type": 1, "codename": "delete_logentry"}}, {"model": "auth.permission", "pk": 4, "fields": {"name": "Can view log entry", "content_type": 1, "codename": "view_logentry"}}, {"model": "auth.permission", "pk": 5, "fields": {"name": "Can add permission", "content_type": 2, "codename": "add_permission"}}, {"model": "auth.permission", "pk": 6, "fields": {"name": "Can change permission", "content_type": 2, "codename": "change_permission"}}, {"model": "auth.permission", "pk": 7, "fields": {"name": "Can delete permission", "content_type": 2, "codename": "delete_permission"}}, {"model": "auth.permission", "pk": 8, "fields": {"name": "Can view permission", "content_type": 2, "codename": "view_permission"}}, {"model": "auth.permission", "pk": 9, "fields": {"name": "Can add group", "content_type": 3, "codename": "add_group"}}, {"model": "auth.permission", "pk": 10, "fields": {"name": "Can change group", "content_type": 3, "codename": "change_group"}}, {"model": "auth.permission", "pk": 11, "fields": {"name": "Can delete group", "content_type": 3, "codename": "delete_group"}}, {"model": "auth.permission", "pk": 12, "fields": {"name": "Can view group", "content_type": 3, "codename": "view_group"}}, {"model": "auth.permission", "pk": 13, "fields": {"name": "Can add user", "content_type": 4, "codename": "add_user"}}, {"model": "auth.permission", "pk": 14, "fields": {"name": "Can change user", "content_type": 4, "codename": "change_user"}}, {"model": "auth.permission", "pk": 15, "fields": {"name": "Can delete user", "content_type": 4, "codename": "delete_user"}}, {"model": "auth.permission", "pk": 16, "fields": {"name": "Can view user", "content_type": 4, "codename": "view_user"}}, {"model": "auth.permission", "pk": 17, "fields": {"name": "Can add content type", "content_type": 5, "codename": "add_contenttype"}}, {"model": "auth.permission", "pk": 18, "fields": {"name": "Can change content type", "content_type": 5, "codename": "change_contenttype"}}, {"model": "auth.permission", "pk": 19, "fields": {"name": "Can delete content type", "content_type": 5, "codename": "delete_contenttype"}}, {"model": "auth.permission", "pk": 20, "fields": {"name": "Can view content type", "content_type": 5, "codename": "view_contenttype"}}, {"model": "auth.permission", "pk": 21, "fields": {"name": "Can add session", "content_type": 6, "codename": "add_session"}}, {"model": "auth.permission", "pk": 22, "fields": {"name": "Can change session", "content_type": 6, "codename": "change_session"}}, {"model": "auth.permission", "pk": 23, "fields": {"name": "Can delete session", "content_type": 6, "codename": "delete_session"}}, {"model": "auth.permission", "pk": 24, "fields": {"name": "Can view session", "content_type": 6, "codename": "view_session"}}, {"model": "auth.permission", "pk": 25, "fields": {"name": "Can add group", "content_type": 7, "codename": "add_group"}}, {"model": "auth.permission", "pk": 26, "fields": {"name": "Can change group", "content_type": 7, "codename": "change_group"}}, {"model": "auth.permission", "pk": 27, "fields": {"name": "Can delete group", "content_type": 7, "codename": "delete_group"}}, {"model": "auth.permission", "pk": 28, "fields": {"name": "Can view group", "content_type": 7, "codename": "view_group"}}, {"model": "auth.permission", "pk": 29, "fields": {"name": "Can add photo", "content_type": 8, "codename": "add_photo"}}, {"model": "auth.permission", "pk": 30, "fields": {"name": "Can change photo", "content_type": 8, "codename": "change_photo"}}, {"model": "auth.permission", "pk": 31, "fields": {"name": "Can delete photo", "content_type": 8, "codename": "delete_photo"}}, {"model": "auth.permission", "pk": 32, "fields": {"name": "Can view photo", "content_type": 8, "codename": "view_photo"}}, {"model": "auth.group", "pk": 1, "fields": {"name": "admin", "permissions": [9, 12, 25, 28, 29, 32]}}, {"model": "auth.group", "pk": 2, "fields": {"name": "editor", "permissions": [9, 25, 29, 32]}}, {"model": "auth.group", "pk": 3, "fields": {"name": "viewer", "permissions": [32]}}, {"model": "auth.user", "pk": 1, "fields": {"password": "pbkdf2_sha256$720000$bW6jm62fSYABy3vVtDpsjH$Fxr83GQ2F1+bZNJHEtCYzL5vmiGAL2sZlY3QPlO88v0=", "last_login": "2024-06-10T09:45:02.547Z", "is_superuser": true, "username": "bulan", "first_name": "", "last_name": "", "email": "", "is_staff": true, "is_active": true, "date_joined": "2024-05-27T19:22:48Z", "groups": [1], "user_permissions": []}}, {"model": "auth.user", "pk": 2, "fields": {"password": "pbkdf2_sha256$720000$V5dQdIMg7X578VFdhRWAQc$yD5E2tG67HaNWx6AXo2a0EJSZEmm72s+99XOEYDLDxo=", "last_login": "2024-06-08T13:38:20.305Z", "is_superuser": false, "username": "lama", "first_name": "", "last_name": "", "email": "", "is_staff": false, "is_active": true, "date_joined": "2024-06-07T18:41:15Z", "groups": [1, 2, 3], "user_permissions": []}}, {"model": "auth.user", "pk": 3, "fields": {"password": "pbkdf2_sha256$720000$8hmvYTtFdXILRDcbG57X0v$kL3UnhpM4cy4vpz+VpW9wxLuSC3naXo22PsMwReIzOE=", "last_login": "2024-06-09T14:13:31.446Z", "is_superuser": false, "username": "editor", "first_name": "", "last_name": "", "email": "", "is_staff": false, "is_active": true, "date_joined": "2024-06-08T13:18:43Z", "groups": [2], "user_permissions": []}}, {"model": "auth.user", "pk": 4, "fields": {"password": "pbkdf2_sha256$720000$r7MfdZR9MnAjj0wB39Kdhy$xfffWSVbrC7eacat8LumMwcu8rx7gdvh2RaJrYqOzg0=", "last_login": "2024-06-09T14:13:44.531Z", "is_superuser": false, "username": "viewer", "first_name": "", "last_name": "", "email": "", "is_staff": false, "is_active": true, "date_joined": "2024-06-08T13:19:09Z", "groups": [3], "user_permissions": []}}, {"model": "contenttypes.contenttype", "pk": 1, "fields": {"app_label": "admin", "model": "logentry"}}, {"model": "contenttypes.contenttype", "pk": 2, "fields": {"app_label": "auth", "model": "permission"}}, {"model": "contenttypes.contenttype", "pk": 3, "fields": {"app_label": "auth", "model": "group"}}, {"model": "contenttypes.contenttype", "pk": 4, "fields": {"app_label": "auth", "model": "user"}}, {"model": "contenttypes.contenttype", "pk": 5, "fields": {"app_label": "contenttypes", "model": "contenttype"}}, {"model": "contenttypes.contenttype", "pk": 6, "fields": {"app_label": "sessions", "model": "session"}}, {"model": "contenttypes.contenttype", "pk": 7, "fields": {"app_label": "gallery_app", "model": "group"}}, {"model": "contenttypes.contenttype", "pk": 8, "fields": {"app_label": "gallery_app", "model": "photo"}}, {"model": "sessions.session", "pk": "0yqvtiw939mbemzbnl32f0j1sl0vb72m", "fields": {"session_data": ".eJxVjEsOAiEQBe_C2hD52eDSvWcgdDfIqIFkmFkZ766TzEK3r6reS8S0LjWuI89xYnEWShx-N0z0yG0DfE_t1iX1tswTyk2ROx3y2jk_L7v7d1DTqN-aTuw8lVK0sQActM6gGILz2QTw2gEqxmCUTp5YEZBHVkfnEa0NLoj3B-DhN5U:1sGbaI:Ybpn97NcoMiUUlvusbQ824rZhyfiEGjnO3h-4hLgV00", "expire_date": "2024-06-24T09:45:02.552Z"}}, {"model": "sessions.session", "pk": "1ck4qw5a31jipjcxk0ti7u5s815orzmi", "fields": {"session_data": ".eJxVjEsOAiEQBe_C2hD52eDSvWcgdDfIqIFkmFkZ766TzEK3r6reS8S0LjWuI89xYnEWShx-N0z0yG0DfE_t1iX1tswTyk2ROx3y2jk_L7v7d1DTqN-aTuw8lVK0sQActM6gGILz2QTw2gEqxmCUTp5YEZBHVkfnEa0NLoj3B-DhN5U:1sFeYV:ZQzpWn8oJt2MhSIdGYKR3qII8metBYjDkzRy_vyo7i4", "expire_date": "2024-06-21T18:43:15.496Z"}}, {"model": "sessions.session", "pk": "fhyjj9rhlv9wffcoht9noqrbo5ish8ah", "fields": {"session_data": ".eJxVjEsOAiEQBe_C2hD52eDSvWcgdDfIqIFkmFkZ766TzEK3r6reS8S0LjWuI89xYnEWShx-N0z0yG0DfE_t1iX1tswTyk2ROx3y2jk_L7v7d1DTqN-aTuw8lVK0sQActM6gGILz2QTw2gEqxmCUTp5YEZBHVkfnEa0NLoj3B-DhN5U:1sGJN8:CHpE2hPwF7E8MRWkasZ6_WDHo_sDBs0qdRUz8AlTrfM", "expire_date": "2024-06-23T14:18:14.864Z"}}, {"model": "gallery_app.group", "pk": 1, "fields": {"name": "Memes"}}, {"model": "gallery_app.group", "pk": 6, "fields": {"name": "marecek"}}, {"model": "gallery_app.photo", "pk": 15, "fields": {"image": "photos/jasonjarvis.jpg", "group": 1, "image_hash": "436ba9785257bc361aa688e18192f8e2c4628e5fb3681839523f56400e846e64", "uploaded_at": "2024-05-29T19:12:47.760Z"}}, {"model": "gallery_app.photo", "pk": 19, "fields": {"image": "photos/IMG-20230923-WA0000.jpg", "group": 6, "image_hash": "f8be92f3e8ffb23fca8855926482c4079f166cbe780c155837263716e4d076a4", "uploaded_at": "2024-05-31T20:07:47.536Z"}}, {"model": "gallery_app.photo", "pk": 20, "fields": {"image": "photos/IMG-20230923-WA0001.jpg", "group": 6, "image_hash": "2b2d892b01afbe97e252b27dc1a56b1ef02b9da2ee80d602b479caa647f7752d", "uploaded_at": "2024-05-31T20:07:47.549Z"}}, {"model": "gallery_app.photo", "pk": 21, "fields": {"image": "photos/IMG-20230923-WA0002.jpg", "group": 6, "image_hash": "9a3c99e622d5e3ed58f2024f71b9cf6a18b13208aee662e700b330baef3fa961", "uploaded_at": "2024-05-31T20:07:47.571Z"}}, {"model": "gallery_app.photo", "pk": 22, "fields": {"image": "photos/IMG-20230923-WA0003.jpg", "group": 6, "image_hash": "d9796f1988c6c52378a2228637a12ea7eeefb52e42734256c2cb2508ef939abb", "uploaded_at": "2024-05-31T20:07:47.592Z"}}, {"model": "gallery_app.photo", "pk": 23, "fields": {"image": "photos/IMG-20230923-WA0004.jpg", "group": 6, "image_hash": "55ec3ce1781d682ebe32cd09420ee0678a5cc0a1407b3bf1ee82c71b1e2903bc", "uploaded_at": "2024-05-31T20:07:47.607Z"}}, {"model": "gallery_app.photo", "pk": 24, "fields": {"image": "photos/IMG-20230923-WA0005.jpg", "group": 6, "image_hash": "738ef9cfbd70025dc44561c3de7dbbfc0f21ec6fe08fbac556e1b05b181b78f5", "uploaded_at": "2024-05-31T20:07:47.622Z"}}, {"model": "gallery_app.photo", "pk": 25, "fields": {"image": "photos/IMG-20230923-WA0006.jpg", "group": 6, "image_hash": "2764935ade02b808aebc5ab5da8750b19be48f3a323d51b6f149ae5d0c794548", "uploaded_at": "2024-05-31T20:07:47.644Z"}}, {"model": "gallery_app.photo", "pk": 26, "fields": {"image": "photos/IMG-20230923-WA0007.jpg", "group": 6, "image_hash": "0e0f5c2d5ccaaa5f507add341d76c3f843f142ee943590980aaaede4904c9b05", "uploaded_at": "2024-05-31T20:07:47.667Z"}}, {"model": "gallery_app.photo", "pk": 27, "fields": {"image": "photos/IMG-20230923-WA0008.jpg", "group": 6, "image_hash": "d851f10336583f2bfdceaff1cd6109dff8ceb6c67f2292f8a6cb2e28572ce501", "uploaded_at": "2024-05-31T20:07:47.681Z"}}, {"model": "gallery_app.photo", "pk": 28, "fields": {"image": "photos/IMG-20230923-WA0009.jpg", "group": 6, "image_hash": "05541c17d71f95ae78737b1880028c5e9eb074c1964126d799d2172cafa6b33d", "uploaded_at": "2024-05-31T20:07:47.695Z"}}, {"model": "gallery_app.photo", "pk": 29, "fields": {"image": "photos/IMG-20230923-WA0010.jpg", "group": 6, "image_hash": "e1f7ce7f70f32df3d5a4cd63419b763b6a5bfe8faea74582982b07fc1f96ad9f", "uploaded_at": "2024-05-31T20:07:47.717Z"}}, {"model": "gallery_app.photo", "pk": 30, "fields": {"image": "photos/IMG-20230923-WA0011.jpg", "group": 6, "image_hash": "04982dbd7b8df477adb8f7a07dd720d7e895d08ebe16c63d834491e17e845cf6", "uploaded_at": "2024-05-31T20:07:47.738Z"}}, {"model": "gallery_app.photo", "pk": 31, "fields": {"image": "photos/IMG-20231026-WA0001.jpg", "group": 6, "image_hash": "53dd46c7c759015f3c175ccbf3cf8e247ff9b3a5c297f5f4ca3ba14464e47365", "uploaded_at": "2024-05-31T20:07:47.751Z"}}, {"model": "gallery_app.photo", "pk": 32, "fields": {"image": "photos/IMG-20231026-WA0002.jpg", "group": 6, "image_hash": "a6301d5ce3d3df0a5ad4f72ab0e50da9af5f973464afc9df352f6c67757c02ff", "uploaded_at": "2024-05-31T20:07:47.767Z"}}, {"model": "gallery_app.photo", "pk": 33, "fields": {"image": "photos/IMG-20231201-WA0000.jpg", "group": 6, "image_hash": "f42f23f5e3c5a37012df78c3aee58ccad6357cd49d9a5048cba34ad890673286", "uploaded_at": "2024-05-31T20:07:47.792Z"}}, {"model": "gallery_app.photo", "pk": 34, "fields": {"image": "photos/IMG-20231201-WA0001.jpg", "group": 6, "image_hash": "820032d6750fcef5805b2b7ded831b4dec4a9919baebf753f01e862b3cbd889e", "uploaded_at": "2024-05-31T20:07:47.812Z"}}, {"model": "gallery_app.photo", "pk": 35, "fields": {"image": "photos/IMG-20231201-WA0002.jpg", "group": 6, "image_hash": "0ca82315402fd601b7302b22a6abe916560c36afd97440acd9d292595a66faaa", "uploaded_at": "2024-05-31T20:07:47.825Z"}}, {"model": "gallery_app.photo", "pk": 36, "fields": {"image": "photos/IMG-20231201-WA0003.jpg", "group": 6, "image_hash": "83f70ff4240d136c99cb73e841f528eddc253532824d324b5d9665c697ccbc24", "uploaded_at": "2024-05-31T20:07:47.842Z"}}, {"model": "gallery_app.photo", "pk": 37, "fields": {"image": "photos/IMG-20231201-WA0004.jpg", "group": 6, "image_hash": "1b19c0597f359bf49b262eb0f9b0b4f054a5a3f2cbbac81ae803c7f2d32fb01e", "uploaded_at": "2024-05-31T20:07:47.863Z"}}, {"model": "gallery_app.photo", "pk": 38, "fields": {"image": "photos/IMG-20231201-WA0005.jpg", "group": 6, "image_hash": "bc3d1fdc7e2861cbe67fa35713a9c9bcec1dfe6d0f505da9d03fae22294a5fec", "uploaded_at": "2024-05-31T20:07:47.880Z"}}, {"model": "gallery_app.photo", "pk": 39, "fields": {"image": "photos/IMG-20231201-WA0006.jpg", "group": 6, "image_hash": "84e3164c74c21b9f40159ff5c4e4e1a53006c1c4dd414513787b1d2cfdff8a59", "uploaded_at": "2024-05-31T20:07:47.893Z"}}, {"model": "gallery_app.photo", "pk": 40, "fields": {"image": "photos/IMG-20231203-WA0001.jpg", "group": 6, "image_hash": "a38e41e0ac3e14b7eac9e570066896931c64687bc6f63c98b502c629b84b6a40", "uploaded_at": "2024-05-31T20:07:47.912Z"}}, {"model": "gallery_app.photo", "pk": 41, "fields": {"image": "photos/IMG-20231203-WA0002.jpg", "group": 6, "image_hash": "c3feb8a10b8fc2166e4904390c462af7c4019b21162cb436994c6ee8936450c6", "uploaded_at": "2024-05-31T20:07:47.934Z"}}, {"model": "gallery_app.photo", "pk": 42, "fields": {"image": "photos/IMG-20231203-WA0003.jpg", "group": 6, "image_hash": "86b6b905c2d1d3d6854a255d942053b6293574c7b0008c41e9ce76295c7e5be1", "uploaded_at": "2024-05-31T20:07:47.947Z"}}, {"model": "gallery_app.photo", "pk": 43, "fields": {"image": "photos/IMG-20231203-WA0004.jpg", "group": 6, "image_hash": "3a3f07c518b738ebdca5eced45a24d8ce4d8f0d1ddefdfa1ca29b0e81ae50bda", "uploaded_at": "2024-05-31T20:07:47.961Z"}}, {"model": "gallery_app.photo", "pk": 44, "fields": {"image": "photos/IMG-20231203-WA0005.jpg", "group": 6, "image_hash": "ebdffa98c88967eb713ff93964ae146b857dfe864d99cd3ba33b8bd4de53ffd5", "uploaded_at": "2024-05-31T20:07:47.983Z"}}, {"model": "gallery_app.photo", "pk": 45, "fields": {"image": "photos/IMG-20231212-WA0000.jpg", "group": 6, "image_hash": "8c07a5eaa9284c60edb9e30e133e1d48dff4dfeb4f6ffc3526c27a26ebc35445", "uploaded_at": "2024-05-31T20:07:48.004Z"}}, {"model": "gallery_app.photo", "pk": 46, "fields": {"image": "photos/IMG-20231212-WA0001.jpg", "group": 6, "image_hash": "7c8332614b84a38a7539f1ad58cb3149f0181d63e904d1fadaf1545779835e58", "uploaded_at": "2024-05-31T20:07:48.019Z"}}, {"model": "gallery_app.photo", "pk": 47, "fields": {"image": "photos/IMG-20231212-WA0002.jpg", "group": 6, "image_hash": "f7c19cac8b6adde56d0468c2c49c52e65cac3c0af33f1128ab598f8ba4b91432", "uploaded_at": "2024-05-31T20:07:48.038Z"}}, {"model": "gallery_app.photo", "pk": 48, "fields": {"image": "photos/IMG-20231212-WA0003.jpg", "group": 6, "image_hash": "fa9396e24df4bb3f3f9909e19ae52005d2863ca869b21b0436e622dd0d087611", "uploaded_at": "2024-05-31T20:07:48.060Z"}}, {"model": "gallery_app.photo", "pk": 49, "fields": {"image": "photos/IMG-20231212-WA0004.jpg", "group": 6, "image_hash": "794f33827d6973c37f8f19dc6719d43d3857f97d1ed5552654cea34f1c32bf82", "uploaded_at": "2024-05-31T20:07:48.080Z"}}, {"model": "gallery_app.photo", "pk": 50, "fields": {"image": "photos/IMG-20231214-WA0000.jpg", "group": 6, "image_hash": "7fe13d6622def4900915c9f6fe6e659c27ceace55d8bfcc3f836b2aa440b1d20", "uploaded_at": "2024-05-31T20:07:48.094Z"}}, {"model": "gallery_app.photo", "pk": 51, "fields": {"image": "photos/IMG-20231214-WA0001.jpg", "group": 6, "image_hash": "4b10a1011b678cd544f1e1ef04e3b6372ebc9b2f1951ca7055f36dd63937805f", "uploaded_at": "2024-05-31T20:07:48.113Z"}}, {"model": "gallery_app.photo", "pk": 52, "fields": {"image": "photos/IMG-20231214-WA0002.jpg", "group": 6, "image_hash": "535bd0ce689fbe35509d63942fb57359f7d64c28d9502abe8a3da645db98706b", "uploaded_at": "2024-05-31T20:07:48.134Z"}}, {"model": "gallery_app.photo", "pk": 53, "fields": {"image": "photos/IMG-20231214-WA0003.jpg", "group": 6, "image_hash": "eccdb25bbceeac8c7a0566b7d2a0ea8956c27b3dfb093b4ac8b02fae58b16166", "uploaded_at": "2024-05-31T20:07:48.153Z"}}, {"model": "gallery_app.photo", "pk": 54, "fields": {"image": "photos/IMG-20231214-WA0004.jpg", "group": 6, "image_hash": "d68ffca83f8e8ddc9cd46a5312642f2fab27befe62cfc1e0e19a2a4eb97b1faf", "uploaded_at": "2024-05-31T20:07:48.167Z"}}, {"model": "gallery_app.photo", "pk": 55, "fields": {"image": "photos/IMG-20231214-WA0005.jpg", "group": 6, "image_hash": "627d64699ef4c0e7ca6e027fb0727b99687d4186304788ef6a79f9c15f0865af", "uploaded_at": "2024-05-31T20:07:48.192Z"}}, {"model": "gallery_app.photo", "pk": 56, "fields": {"image": "photos/IMG-20231214-WA0006.jpg", "group": 6, "image_hash": "a2f06cc82b008f8c10b0ebca11669da698917b3eeab8c7e84f9a450e32f56e2f", "uploaded_at": "2024-05-31T20:07:48.211Z"}}, {"model": "gallery_app.photo", "pk": 57, "fields": {"image": "photos/IMG-20231219-WA0000.jpg", "group": 6, "image_hash": "a1765415d452f125bfc5d0ee5797a8f3da2ac2ad759d033d11fb229d4f8472f3", "uploaded_at": "2024-05-31T20:07:48.240Z"}}, {"model": "gallery_app.photo", "pk": 58, "fields": {"image": "photos/IMG-20231219-WA0001.jpg", "group": 6, "image_hash": "fd670802558edfcfc44e4ef1fc1bb3236a73e687d5f2a5d0b1e760d67611c58a", "uploaded_at": "2024-05-31T20:07:48.272Z"}}, {"model": "gallery_app.photo", "pk": 59, "fields": {"image": "photos/IMG-20231219-WA0002.jpg", "group": 6, "image_hash": "bee1f3991235699c60e657b78e699f420d96b9978b9c7475063c99c74a00cebd", "uploaded_at": "2024-05-31T20:07:48.312Z"}}, {"model": "gallery_app.photo", "pk": 60, "fields": {"image": "photos/IMG-20231219-WA0003.jpg", "group": 6, "image_hash": "8ab622cb02e89296f324982465823be941ec953ff490288262e5699bf170b6be", "uploaded_at": "2024-05-31T20:07:48.336Z"}}, {"model": "gallery_app.photo", "pk": 61, "fields": {"image": "photos/IMG-20231219-WA0004.jpg", "group": 6, "image_hash": "567c264fc547784325229d57e6c5906f1c0244cb7c837c3f999136a51a13a9d3", "uploaded_at": "2024-05-31T20:07:48.350Z"}}, {"model": "gallery_app.photo", "pk": 62, "fields": {"image": "photos/IMG-20231219-WA0005.jpg", "group": 6, "image_hash": "b9fbf663c81604b3546e4035517405eccc4389ac253dc4f7a9b64b254e5aeae2", "uploaded_at": "2024-05-31T20:07:48.363Z"}}, {"model": "gallery_app.photo", "pk": 63, "fields": {"image": "photos/IMG-20231219-WA0006.jpg", "group": 6, "image_hash": "0dba6d021a8d66edd676b5522e8f672bb0ed17408f44bc867b1138a5860d56f9", "uploaded_at": "2024-05-31T20:07:48.388Z"}}, {"model": "gallery_app.photo", "pk": 64, "fields": {"image": "photos/IMG-20231219-WA0007.jpg", "group": 6, "image_hash": "1a3c63b6a777a1ea73ccf46a2ff0e7030bee818a56b654ce194753050c689d25", "uploaded_at": "2024-05-31T20:07:48.408Z"}}, {"model": "gallery_app.photo", "pk": 65, "fields": {"image": "photos/IMG-20231219-WA0008.jpg", "group": 6, "image_hash": "63e0f4c45188fbd16fa3e782ac07790efffc557a3bff693d28d149f98224586a", "uploaded_at": "2024-05-31T20:07:48.424Z"}}, {"model": "gallery_app.photo", "pk": 66, "fields": {"image": "photos/IMG-20231219-WA0009.jpg", "group": 6, "image_hash": "c749549aa112bb76cc25dc7649c9b805f88bf4b881a99472347548d3ffea11b6", "uploaded_at": "2024-05-31T20:07:48.442Z"}}, {"model": "gallery_app.photo", "pk": 67, "fields": {"image": "photos/IMG-20231219-WA0010.jpg", "group": 6, "image_hash": "4c06f99465a77dc35d93074cbb48e0536c29514a236e28ca9a9908ae6259559e", "uploaded_at": "2024-05-31T20:07:48.466Z"}}, {"model": "gallery_app.photo", "pk": 68, "fields": {"image": "photos/IMG-20231221-WA0000.jpg", "group": 6, "image_hash": "327832e3c8c514dbcbcf976773ccfda17346154b33ca136c6cc05e92bd1bd6a8", "uploaded_at": "2024-05-31T20:07:48.484Z"}}, {"model": "gallery_app.photo", "pk": 69, "fields": {"image": "photos/IMG-20231221-WA0001.jpg", "group": 6, "image_hash": "e69971105628805aff1a37f3121082c4592bae192333e42e25478548708191ec", "uploaded_at": "2024-05-31T20:07:48.501Z"}}, {"model": "gallery_app.photo", "pk": 70, "fields": {"image": "photos/IMG-20231221-WA0002.jpg", "group": 6, "image_hash": "d35c1973de6ad70db22a21a9412d1b2782c6bb681547793e06b38dd9424a5881", "uploaded_at": "2024-05-31T20:07:48.524Z"}}, {"model": "gallery_app.photo", "pk": 71, "fields": {"image": "photos/IMG-20231221-WA0003.jpg", "group": 6, "image_hash": "487b729dfe7596857ed4f560777db09ea929508418c1c5320f815185c529bbb5", "uploaded_at": "2024-05-31T20:07:48.542Z"}}, {"model": "gallery_app.photo", "pk": 72, "fields": {"image": "photos/IMG-20231221-WA0004.jpg", "group": 6, "image_hash": "d2f4e3e3629f4fc417fc10359bdb54160e9b1289167e72e730e81d2cb331f745", "uploaded_at": "2024-05-31T20:07:48.556Z"}}, {"model": "gallery_app.photo", "pk": 73, "fields": {"image": "photos/IMG-20231221-WA0005.jpg", "group": 6, "image_hash": "2d0ebe8dbf44482b8240d63d549c2e433a6367cfbfffb61b40e9c37e5857f12f", "uploaded_at": "2024-05-31T20:07:48.579Z"}}, {"model": "gallery_app.photo", "pk": 74, "fields": {"image": "photos/IMG-20231221-WA0008.jpg", "group": 6, "image_hash": "42be513936eca8f79ac0e545d28ecdbba93461ea234721674a3caf9e1feed29b", "uploaded_at": "2024-05-31T20:07:48.600Z"}}, {"model": "gallery_app.photo", "pk": 75, "fields": {"image": "photos/IMG-20231221-WA0009.jpg", "group": 6, "image_hash": "822c877111197decfe4882b5b0a8d3e2a5127d9334d39d8464befdcf06daf162", "uploaded_at": "2024-05-31T20:07:48.617Z"}}, {"model": "gallery_app.photo", "pk": 76, "fields": {"image": "photos/IMG-20231223-WA0001.jpg", "group": 6, "image_hash": "f3c3d8cb63b0d791d5198f22e75835759ed9440a311b060239a234be2871d7d7", "uploaded_at": "2024-05-31T20:07:48.635Z"}}, {"model": "gallery_app.photo", "pk": 77, "fields": {"image": "photos/IMG-20231223-WA0002.jpg", "group": 6, "image_hash": "77d136e10be2cfe78a7cec812488959955123ad380091fd07f0d55f015fcda88", "uploaded_at": "2024-05-31T20:07:48.658Z"}}, {"model": "gallery_app.photo", "pk": 78, "fields": {"image": "photos/IMG-20231223-WA0003.jpg", "group": 6, "image_hash": "5a4929c4fedd96cff1389becfa3daa3ed1c6584a41b37e027f8d1d6beea8711e", "uploaded_at": "2024-05-31T20:07:48.679Z"}}, {"model": "gallery_app.photo", "pk": 79, "fields": {"image": "photos/IMG-20231223-WA0004.jpg", "group": 6, "image_hash": "8d9af998f23139e1de0bad6823658c2f0691ce2dad900a3033e50fd1dc1411ca", "uploaded_at": "2024-05-31T20:07:48.693Z"}}, {"model": "gallery_app.photo", "pk": 80, "fields": {"image": "photos/IMG-20231226-WA0000.jpg", "group": 6, "image_hash": "f0ab47aa795872602f3bd8ab22e29eeaf8ec763760b03e94350b35e49124af4e", "uploaded_at": "2024-05-31T20:07:48.718Z"}}, {"model": "gallery_app.photo", "pk": 81, "fields": {"image": "photos/IMG-20231226-WA0001.jpg", "group": 6, "image_hash": "a8b083da5d5a480362cd1a49b9490da532a18a5e72ebd33ea063200779972542", "uploaded_at": "2024-05-31T20:07:48.740Z"}}, {"model": "gallery_app.photo", "pk": 82, "fields": {"image": "photos/IMG-20231226-WA0002.jpg", "group": 6, "image_hash": "65a84d89e21f80e2c7c45d270f0e36174d2075e7afa0f1dbbae5765529a53455", "uploaded_at": "2024-05-31T20:07:48.754Z"}}, {"model": "gallery_app.photo", "pk": 83, "fields": {"image": "photos/IMG-20231226-WA0003.jpg", "group": 6, "image_hash": "0ad0173721b3daf2a936c5915e0c6cf4d6ab3a4690f63ea55356ed999d3b9bb3", "uploaded_at": "2024-05-31T20:07:48.777Z"}}, {"model": "gallery_app.photo", "pk": 84, "fields": {"image": "photos/IMG-20231226-WA0004.jpg", "group": 6, "image_hash": "df72c69f87d5b2656f10883a250d313cbc614eca1b3b85a841c8d6b8dea81574", "uploaded_at": "2024-05-31T20:07:48.796Z"}}, {"model": "gallery_app.photo", "pk": 85, "fields": {"image": "photos/IMG-20231226-WA0005.jpg", "group": 6, "image_hash": "82dcb2af8cc50cad96c70c3fad69d2dba9fcd2a57381879881d503d77c398c85", "uploaded_at": "2024-05-31T20:07:48.809Z"}}, {"model": "gallery_app.photo", "pk": 86, "fields": {"image": "photos/IMG-20231226-WA0006.jpg", "group": 6, "image_hash": "130b0c1db6ad21b3385efbe66c201195cd730cbe2e4a3345838d4f322cefd0b9", "uploaded_at": "2024-05-31T20:07:48.825Z"}}, {"model": "gallery_app.photo", "pk": 87, "fields": {"image": "photos/IMG-20231226-WA0007.jpg", "group": 6, "image_hash": "98c96a43dc2958586947f583073364fd9d703eea4b3fa68fc50464d8fcc37023", "uploaded_at": "2024-05-31T20:07:48.848Z"}}, {"model": "gallery_app.photo", "pk": 88, "fields": {"image": "photos/IMG-20231226-WA0008.jpg", "group": 6, "image_hash": "7bfdb6e1555817c51a392a6ef4d68fe341ea7beedc963d2e5838ca1a7468a95d", "uploaded_at": "2024-05-31T20:07:48.865Z"}}, {"model": "gallery_app.photo", "pk": 89, "fields": {"image": "photos/IMG-20231226-WA0009.jpg", "group": 6, "image_hash": "9b6df4968529ddb18ccfc425ae279a6a0f1cf8d2b533576821b18c8ea520d2af", "uploaded_at": "2024-05-31T20:07:48.878Z"}}, {"model": "gallery_app.photo", "pk": 90, "fields": {"image": "photos/IMG-20231226-WA0010.jpg", "group": 6, "image_hash": "41fc935d00a2cb32b84685135a77e04f084a9ab127db6d2cae98d34df1440a25", "uploaded_at": "2024-05-31T20:07:48.902Z"}}, {"model": "gallery_app.photo", "pk": 91, "fields": {"image": "photos/IMG-20231226-WA0011.jpg", "group": 6, "image_hash": "357491f2febb4d8cd9f25d703877231d98e79461a1a94c2bccc07a0a6482ba25", "uploaded_at": "2024-05-31T20:07:48.923Z"}}, {"model": "gallery_app.photo", "pk": 92, "fields": {"image": "photos/IMG-20231226-WA0012.jpg", "group": 6, "image_hash": "edc5c1be423a051930b6dcbe64ef8bb71e862c2110fef5ca125d3bcb4e2c8bdb", "uploaded_at": "2024-05-31T20:07:48.936Z"}}, {"model": "gallery_app.photo", "pk": 93, "fields": {"image": "photos/IMG-20231226-WA0013.jpg", "group": 6, "image_hash": "e0648152dc198e843d13c7dcb49d3135e7e03d64e44722d77da24d0c93e9f9a1", "uploaded_at": "2024-05-31T20:07:48.953Z"}}, {"model": "gallery_app.photo", "pk": 94, "fields": {"image": "photos/IMG-20231226-WA0014.jpg", "group": 6, "image_hash": "f8a7f8b686f37fed5727a74d6490e1e33a0cb33d58445f2ea4435aa2d013f0a3", "uploaded_at": "2024-05-31T20:07:48.976Z"}}, {"model": "gallery_app.photo", "pk": 95, "fields": {"image": "photos/IMG-20231226-WA0015.jpg", "group": 6, "image_hash": "b7503cd7ba7c698c21ae67bfa37eba6ca223a02d74b826e0731ccadbd316f5b1", "uploaded_at": "2024-05-31T20:07:48.996Z"}}, {"model": "gallery_app.photo", "pk": 96, "fields": {"image": "photos/IMG-20240211-WA0001.jpg", "group": 6, "image_hash": "e5bef2e0ebcc07993307a2a4179eac3329eb10995174a865d289df48ad08e81f", "uploaded_at": "2024-05-31T20:07:49.010Z"}}, {"model": "gallery_app.photo", "pk": 97, "fields": {"image": "photos/IMG-20240212-WA0000.jpg", "group": 6, "image_hash": "de240b14d97df81632d80095d5dee9e69ff0473d2876b2813a677019a2da0e2d", "uploaded_at": "2024-05-31T20:07:49.027Z"}}, {"model": "gallery_app.photo", "pk": 98, "fields": {"image": "photos/IMG-20240225-WA0013.jpg", "group": 6, "image_hash": "1b1d68c0f7ab15ec4ebda31f716ee8ad5e98cb6338a7ab28c5ccc3fd388a13b8", "uploaded_at": "2024-05-31T20:07:49.050Z"}}, {"model": "gallery_app.photo", "pk": 99, "fields": {"image": "photos/IMG-20240225-WA0014.jpg", "group": 6, "image_hash": "1a8eb0e99bbcfd42881f29c33a14c47f4cba084439654b18f7389bdcb48e26d3", "uploaded_at": "2024-05-31T20:07:49.067Z"}}, {"model": "gallery_app.photo", "pk": 100, "fields": {"image": "photos/IMG-20240225-WA0015.jpg", "group": 6, "image_hash": "87619c9df31ba1193662c6372ced8d9f69a232486d0c4c2a8a6371a9ebbb461c", "uploaded_at": "2024-05-31T20:07:49.081Z"}}, {"model": "gallery_app.photo", "pk": 101, "fields": {"image": "photos/IMG-20240225-WA0016.jpg", "group": 6, "image_hash": "dd0be22b608fa6163f9137d5f6093a35592d18678cad873ef380488f81b1582f", "uploaded_at": "2024-05-31T20:07:49.103Z"}}, {"model": "gallery_app.photo", "pk": 102, "fields": {"image": "photos/IMG-20240225-WA0017.jpg", "group": 6, "image_hash": "7d5975feb850ec3953d36c0640c932715c4fb2617d8cfbdc5bff00caabaddb71", "uploaded_at": "2024-05-31T20:07:49.123Z"}}, {"model": "gallery_app.photo", "pk": 103, "fields": {"image": "photos/IMG-20240225-WA0018.jpg", "group": 6, "image_hash": "9b895eec1acb7d2b24d5c44e0de7cd4b76e35a720157adb84872216d7e34234a", "uploaded_at": "2024-05-31T20:07:49.138Z"}}, {"model": "gallery_app.photo", "pk": 104, "fields": {"image": "photos/IMG-20240225-WA0019.jpg", "group": 6, "image_hash": "358e2236ca582a6705978d7e0dd8786cf8427a1a3b9015dd2eedf0b46cca7ac1", "uploaded_at": "2024-05-31T20:07:49.155Z"}}, {"model": "gallery_app.photo", "pk": 105, "fields": {"image": "photos/IMG-20240225-WA0020.jpg", "group": 6, "image_hash": "a937a7cc0250bf5e91419f6146ab79844266741599e296a97e7c29f44e592cf1", "uploaded_at": "2024-05-31T20:07:49.178Z"}}, {"model": "gallery_app.photo", "pk": 106, "fields": {"image": "photos/IMG-20240225-WA0021.jpg", "group": 6, "image_hash": "69470e9c0b0385772968f78a74e53f80e8d9f74f1da921c2f6c5289c7c9e0a40", "uploaded_at": "2024-05-31T20:07:49.198Z"}}, {"model": "gallery_app.photo", "pk": 107, "fields": {"image": "photos/IMG-20240225-WA0022.jpg", "group": 6, "image_hash": "fb361e6d2fef108779a8e0bbb133f557eb8aa4da69aeb9b3f51677547efbcba1", "uploaded_at": "2024-05-31T20:07:49.214Z"}}, {"model": "gallery_app.photo", "pk": 108, "fields": {"image": "photos/IMG-20240225-WA0023.jpg", "group": 6, "image_hash": "fd4213f4ed57af4bc217cfa57e267ad21fd3dba45a6b849e0735c4437662d89e", "uploaded_at": "2024-05-31T20:07:49.232Z"}}, {"model": "gallery_app.photo", "pk": 109, "fields": {"image": "photos/IMG-20240331-WA0013.jpg", "group": 6, "image_hash": "90e7de8f3d200b97d878e2865b00572e788488e0af3db412cd26f64b285b65c6", "uploaded_at": "2024-05-31T20:07:49.256Z"}}, {"model": "gallery_app.photo", "pk": 110, "fields": {"image": "photos/IMG-20240331-WA0014.jpg", "group": 6, "image_hash": "febfcbdd532405ab9606891cf33242bab001d9051ed5e792187a2c828f74c7f9", "uploaded_at": "2024-05-31T20:07:49.272Z"}}, {"model": "gallery_app.photo", "pk": 111, "fields": {"image": "photos/IMG-20240331-WA0015.jpg", "group": 6, "image_hash": "348c5e46557aaec4e4de39637f9464c6f06877c146222a0409ddd23c03520031", "uploaded_at": "2024-05-31T20:07:49.286Z"}}, {"model": "gallery_app.photo", "pk": 112, "fields": {"image": "photos/IMG-20240331-WA0016.jpg", "group": 6, "image_hash": "6c77abc80322f042859d61efad1d18691ab5e60152c3cfb572222ebacc023263", "uploaded_at": "2024-05-31T20:07:49.310Z"}}, {"model": "gallery_app.photo", "pk": 113, "fields": {"image": "photos/IMG-20240331-WA0017.jpg", "group": 6, "image_hash": "8dc045405271a871f58b42a3f3533fd752450fba225521279974c9482e6f5d5d", "uploaded_at": "2024-05-31T20:07:49.334Z"}}, {"model": "gallery_app.photo", "pk": 114, "fields": {"image": "photos/IMG-20240331-WA0018.jpg", "group": 6, "image_hash": "700333de038584f7041d68153ca00a905fe06e6c4819a2b70093b7b7300a80a8", "uploaded_at": "2024-05-31T20:07:49.349Z"}}, {"model": "gallery_app.photo", "pk": 115, "fields": {"image": "photos/IMG-20240331-WA0019.jpg", "group": 6, "image_hash": "a82505a645a2cc436075e8ac805a27290e435d3af8111a4201e4f84ff01fb84e", "uploaded_at": "2024-05-31T20:07:49.373Z"}}, {"model": "gallery_app.photo", "pk": 116, "fields": {"image": "photos/IMG-20240401-WA0001.jpg", "group": 6, "image_hash": "f76e87eed9894f5d5b08e2cc1b49787de7edff66699770dcfd2c008e2520385f", "uploaded_at": "2024-05-31T20:07:49.393Z"}}, {"model": "gallery_app.photo", "pk": 117, "fields": {"image": "photos/IMG-20240401-WA0002.jpg", "group": 6, "image_hash": "f71658b49779224f08c9f7783d8b2bf3344f47e808933b083984857067a9e4f7", "uploaded_at": "2024-05-31T20:07:49.412Z"}}, {"model": "gallery_app.photo", "pk": 118, "fields": {"image": "photos/IMG-20240401-WA0003.jpg", "group": 6, "image_hash": "69a78c17e06804fed76853ed496f716b267deb552d308e2d7ea7c1d66b60fb83", "uploaded_at": "2024-05-31T20:07:49.436Z"}}, {"model": "gallery_app.photo", "pk": 119, "fields": {"image": "photos/IMG-20240401-WA0004.jpg", "group": 6, "image_hash": "36c38fd1d733e64fe2f2b02eb1dc8f223c048565624a6c62f0e4398aa5fda857", "uploaded_at": "2024-05-31T20:07:49.456Z"}}, {"model": "gallery_app.photo", "pk": 120, "fields": {"image": "photos/IMG-20240401-WA0005.jpg", "group": 6, "image_hash": "b82f6c58367fda66bc268097d85d7d94e04ac15f046b4e2ddb837fff61e20038", "uploaded_at": "2024-05-31T20:07:49.471Z"}}, {"model": "gallery_app.photo", "pk": 121, "fields": {"image": "photos/IMG-20240401-WA0006.jpg", "group": 6, "image_hash": "6995c7754b06fe8464819b373ab659712ada9171c6b7d77278112424704af223", "uploaded_at": "2024-05-31T20:07:49.487Z"}}, {"model": "gallery_app.photo", "pk": 122, "fields": {"image": "photos/IMG-20240401-WA0007.jpg", "group": 6, "image_hash": "bd05d2d0304dfa34dd337c795624d88a5825838a6af328a8fbd2dc856161de13", "uploaded_at": "2024-05-31T20:07:49.511Z"}}, {"model": "gallery_app.photo", "pk": 123, "fields": {"image": "photos/IMG-20240401-WA0008.jpg", "group": 6, "image_hash": "2c7d7a4a47ed7843631097ceafe827a17dc9065a00dc8f8fa871776d75878313", "uploaded_at": "2024-05-31T20:07:49.528Z"}}, {"model": "gallery_app.photo", "pk": 124, "fields": {"image": "photos/IMG-20240401-WA0009.jpg", "group": 6, "image_hash": "f129f975bb12938f32870157d5beeb443782eaf96040ffd63d2c6513e74625cf", "uploaded_at": "2024-05-31T20:07:49.544Z"}}, {"model": "gallery_app.photo", "pk": 125, "fields": {"image": "photos/IMG-20240401-WA0010.jpg", "group": 6, "image_hash": "a82b34a1d49402d52642b0ceaae4528433b8e4dc98f65a91a4802daae113b30d", "uploaded_at": "2024-05-31T20:07:49.572Z"}}, {"model": "gallery_app.photo", "pk": 126, "fields": {"image": "photos/IMG-20240401-WA0011.jpg", "group": 6, "image_hash": "7c673265bffad5e4e34b0b42a5d2243fa425a531a13dcb325e4f45aed51f1c1d", "uploaded_at": "2024-05-31T20:07:49.587Z"}}, {"model": "gallery_app.photo", "pk": 127, "fields": {"image": "photos/IMG-20240405-WA0000.jpg", "group": 6, "image_hash": "b9ea80c9ccd1b9204f192eaae0ccd1365fbcce37639b8f042a99523e8dc5b19a", "uploaded_at": "2024-05-31T20:07:49.664Z"}}, {"model": "gallery_app.photo", "pk": 128, "fields": {"image": "photos/IMG-20240405-WA0001.jpg", "group": 6, "image_hash": "58182350220d276eda69fc4b8ec9d42572c46bc7264e948328fbec7343f85e7c", "uploaded_at": "2024-05-31T20:07:49.680Z"}}, {"model": "gallery_app.photo", "pk": 129, "fields": {"image": "photos/IMG-20240405-WA0002.jpg", "group": 6, "image_hash": "b06864a0c3810c341b1748279056c68e25086d1906903a01adbe8930b971c550", "uploaded_at": "2024-05-31T20:07:49.705Z"}}, {"model": "gallery_app.photo", "pk": 130, "fields": {"image": "photos/IMG-20240412-WA0000.jpg", "group": 6, "image_hash": "e094adee352d4a446a38038357c86d4d9ab240ee82d3a1daf0319bccf7704db3", "uploaded_at": "2024-05-31T20:07:49.725Z"}}, {"model": "gallery_app.photo", "pk": 131, "fields": {"image": "photos/IMG-20240412-WA0001.jpg", "group": 6, "image_hash": "30f9d6dc4b93da91bfdb7fa7d65a7a248216ec32c77b3f5fdbccd01c9c697c85", "uploaded_at": "2024-05-31T20:07:49.740Z"}}, {"model": "gallery_app.photo", "pk": 132, "fields": {"image": "photos/IMG-20240412-WA0002.jpg", "group": 6, "image_hash": "932324ba2152978a388fadbcd8930231bb1ee4e75b2cccd60a79a93107140880", "uploaded_at": "2024-05-31T20:07:49.756Z"}}, {"model": "gallery_app.photo", "pk": 133, "fields": {"image": "photos/IMG-20240412-WA0003.jpg", "group": 6, "image_hash": "1c913064847efd61fed3d01b8a3d2812968bd2e55adc26042a4107beb308a4e1", "uploaded_at": "2024-05-31T20:07:49.781Z"}}, {"model": "gallery_app.photo", "pk": 134, "fields": {"image": "photos/IMG-20240412-WA0004.jpg", "group": 6, "image_hash": "880ecb8fe04c101cc6348fbd517937c85a26681a7941e733322bbeedd8dc99ca", "uploaded_at": "2024-05-31T20:07:49.802Z"}}, {"model": "gallery_app.photo", "pk": 135, "fields": {"image": "photos/IMG-20240412-WA0005.jpg", "group": 6, "image_hash": "47cb4f552af6109cf6647a9cf09208d641330cd8411d34cb80dc91d36b80ee3f", "uploaded_at": "2024-05-31T20:07:49.817Z"}}, {"model": "gallery_app.photo", "pk": 136, "fields": {"image": "photos/IMG-20240412-WA0006.jpg", "group": 6, "image_hash": "b103bf7acd8cde8241303ea62ee283c109b7e45c18f8e1bdd74376bb5a2ea26a", "uploaded_at": "2024-05-31T20:07:49.833Z"}}, {"model": "gallery_app.photo", "pk": 137, "fields": {"image": "photos/IMG-20240412-WA0007.jpg", "group": 6, "image_hash": "b50bb6b66c4eff72e0672eaabf25626c02b0b35374beab14e40e7fb1aa76c746", "uploaded_at": "2024-05-31T20:07:49.856Z"}}, {"model": "gallery_app.photo", "pk": 138, "fields": {"image": "photos/IMG-20240412-WA0008.jpg", "group": 6, "image_hash": "4e4de702a68165bda62eae340217ef59ecb5b32143817aa4c119219c9674a834", "uploaded_at": "2024-05-31T20:07:49.874Z"}}, {"model": "gallery_app.photo", "pk": 139, "fields": {"image": "photos/IMG-20240412-WA0009.jpg", "group": 6, "image_hash": "9267478863a7b9e0670e2be2e892442ff64d658098a35a76efe89a4a482502c3", "uploaded_at": "2024-05-31T20:07:49.889Z"}}, {"model": "gallery_app.photo", "pk": 140, "fields": {"image": "photos/IMG-20240412-WA0010.jpg", "group": 6, "image_hash": "418f147d70ff0ddba16c0000bebfbd15f0196813122dbbb249a9c528877dfeec", "uploaded_at": "2024-05-31T20:07:49.913Z"}}, {"model": "gallery_app.photo", "pk": 141, "fields": {"image": "photos/IMG-20240415-WA0000.jpg", "group": 6, "image_hash": "a696435ce366b0e1f0a8927b08f98298b334596035a912502894f11c081cf00f", "uploaded_at": "2024-05-31T20:07:49.937Z"}}, {"model": "gallery_app.photo", "pk": 142, "fields": {"image": "photos/IMG-20240415-WA0001.jpg", "group": 6, "image_hash": "f39115e7afe20464431cc85c85c7be193862cc88a2b7870f56c51e057ec631e7", "uploaded_at": "2024-05-31T20:07:49.950Z"}}, {"model": "gallery_app.photo", "pk": 143, "fields": {"image": "photos/IMG-20240415-WA0002.jpg", "group": 6, "image_hash": "9f3a45b3dfd6d9a546b9b5859af817b0ac4a29ad95032ed50752d56fb16f2ccc", "uploaded_at": "2024-05-31T20:07:49.963Z"}}, {"model": "gallery_app.photo", "pk": 144, "fields": {"image": "photos/IMG-20240415-WA0003.jpg", "group": 6, "image_hash": "160e6909916ccee2845778eee8235512a9ae0e448e2cf901b1e419739e0b0d56", "uploaded_at": "2024-05-31T20:07:49.996Z"}}, {"model": "gallery_app.photo", "pk": 145, "fields": {"image": "photos/IMG-20240415-WA0004.jpg", "group": 6, "image_hash": "04ee4f8d60633900f6d95f7f365c9f810d56f1ab68142f15a10f56b09e42ee40", "uploaded_at": "2024-05-31T20:07:50.014Z"}}, {"model": "gallery_app.photo", "pk": 146, "fields": {"image": "photos/IMG-20240421-WA0000.jpg", "group": 6, "image_hash": "1aa0cf5fc248ead40e92ae7f2151043fa3fc97e74ee0fdf01b25a46b81dc61d6", "uploaded_at": "2024-05-31T20:07:50.029Z"}}, {"model": "gallery_app.photo", "pk": 147, "fields": {"image": "photos/IMG-20240421-WA0001.jpg", "group": 6, "image_hash": "4a101bd78e505a098a163933214ba66a3bd7e64677b4ba6c8db25c71479acc22", "uploaded_at": "2024-05-31T20:07:50.053Z"}}, {"model": "gallery_app.photo", "pk": 148, "fields": {"image": "photos/IMG-20240421-WA0002.jpg", "group": 6, "image_hash": "f66fe55292c46ddc56cdc3e46a957081bee5c570fa70e481fa9cab4966e50bf9", "uploaded_at": "2024-05-31T20:07:50.075Z"}}, {"model": "gallery_app.photo", "pk": 149, "fields": {"image": "photos/IMG-20240421-WA0003.jpg", "group": 6, "image_hash": "2e9448ba0c22c1badff6c088c5406bb587f87d282e5b4034fe65190d7ab781d9", "uploaded_at": "2024-05-31T20:07:50.090Z"}}, {"model": "gallery_app.photo", "pk": 150, "fields": {"image": "photos/IMG-20240421-WA0004.jpg", "group": 6, "image_hash": "0ff03a7f42097c6fd8ed62fe80f0ab3f215b82e52a3633e62e88eb21a9893552", "uploaded_at": "2024-05-31T20:07:50.125Z"}}, {"model": "gallery_app.photo", "pk": 151, "fields": {"image": "photos/IMG-20240423-WA0000.jpg", "group": 6, "image_hash": "7e3e04436dd5e7f0532d68c21ca7119dcb1a28ad1bcf90c9c0881d81c2d10234", "uploaded_at": "2024-05-31T20:07:50.149Z"}}, {"model": "gallery_app.photo", "pk": 152, "fields": {"image": "photos/IMG-20240427-WA0000.jpg", "group": 6, "image_hash": "ad15c3376b32df383f0a17df1920fddc6dc7ed7f75ad00bced76417c23181f5c", "uploaded_at": "2024-05-31T20:07:50.167Z"}}, {"model": "gallery_app.photo", "pk": 153, "fields": {"image": "photos/IMG-20240427-WA0001.jpg", "group": 6, "image_hash": "0c3801fa181059afd482d9b9c23e4771a92a967192b683b73d7408b7bed8484b", "uploaded_at": "2024-05-31T20:07:50.192Z"}}, {"model": "gallery_app.photo", "pk": 154, "fields": {"image": "photos/IMG-20240427-WA0002.jpg", "group": 6, "image_hash": "e6084f10ccbec0da34beeccadeacc778bffeb6f6cf7d94b31dce5eac4294f8a5", "uploaded_at": "2024-05-31T20:07:50.217Z"}}, {"model": "gallery_app.photo", "pk": 155, "fields": {"image": "photos/IMG-20240427-WA0003.jpg", "group": 6, "image_hash": "1bf9862d16f0ff39d1c6f21fc249a510357a35898b8113042fe2bfc1ed0d4847", "uploaded_at": "2024-05-31T20:07:50.234Z"}}, {"model": "gallery_app.photo", "pk": 156, "fields": {"image": "photos/IMG-20240427-WA0004.jpg", "group": 6, "image_hash": "4493519ad30c4d395e879636e178a5f4cd08aace824869b6d7f912903282985a", "uploaded_at": "2024-05-31T20:07:50.247Z"}}, {"model": "gallery_app.photo", "pk": 157, "fields": {"image": "photos/IMG-20240427-WA0005.jpg", "group": 6, "image_hash": "1ea8d387f49568f0e1d1e4ac49964e5740723112543b09217ec2e2cbdee2d944", "uploaded_at": "2024-05-31T20:07:50.270Z"}}, {"model": "gallery_app.photo", "pk": 158, "fields": {"image": "photos/IMG-20240427-WA0006.jpg", "group": 6, "image_hash": "832b63bdcdb8332ba84885fc76c52cfdfed4533db3020461b9eedf7c4b2f7344", "uploaded_at": "2024-05-31T20:07:50.287Z"}}, {"model": "gallery_app.photo", "pk": 159, "fields": {"image": "photos/IMG-20240427-WA0007.jpg", "group": 6, "image_hash": "06b77908f91befbba283a32a18ee485f0be24b86f9ffee23222a189a94d99dc2", "uploaded_at": "2024-05-31T20:07:50.302Z"}}, {"model": "gallery_app.photo", "pk": 160, "fields": {"image": "photos/IMG-20240427-WA0008.jpg", "group": 6, "image_hash": "33289fddc5befb99fca4893deff1759d6d70db08780dabc2fea84c025a5b49b2", "uploaded_at": "2024-05-31T20:07:50.324Z"}}, {"model": "gallery_app.photo", "pk": 161, "fields": {"image": "photos/IMG-20240427-WA0009.jpg", "group": 6, "image_hash": "446e2ebcb741b51162bfb331e74b5b2e2effd098facc833ea84df00a7eded36b", "uploaded_at": "2024-05-31T20:07:50.348Z"}}, {"model": "gallery_app.photo", "pk": 162, "fields": {"image": "photos/IMG-20240427-WA0010.jpg", "group": 6, "image_hash": "9afe0d54c3eea216a68ade98da15ef1a9140caf7ec40278eac6dac588aa8cdc2", "uploaded_at": "2024-05-31T20:07:50.363Z"}}, {"model": "gallery_app.photo", "pk": 163, "fields": {"image": "photos/IMG-20240427-WA0011.jpg", "group": 6, "image_hash": "fa2d108e08812646379d6ef0d75374087d024715a4e01df2002cf84ba85e4c09", "uploaded_at": "2024-05-31T20:07:50.377Z"}}, {"model": "gallery_app.photo", "pk": 164, "fields": {"image": "photos/IMG-20240427-WA0012.jpg", "group": 6, "image_hash": "9211c2046bdcd5d54d68ded2af0633c67647fc6c1996c98bec6d9e355ef08576", "uploaded_at": "2024-05-31T20:07:50.400Z"}}, {"model": "gallery_app.photo", "pk": 165, "fields": {"image": "photos/IMG-20240427-WA0013.jpg", "group": 6, "image_hash": "ccb24543008a382163a6593808ae5271fe8221085d492f23e4f60c9d841c7aff", "uploaded_at": "2024-05-31T20:07:50.420Z"}}, {"model": "gallery_app.photo", "pk": 166, "fields": {"image": "photos/IMG-20240427-WA0014.jpg", "group": 6, "image_hash": "0287851e08b439e46876c03bde22b1fbec599ad1a120bda46d618df4d3341bf5", "uploaded_at": "2024-05-31T20:07:50.433Z"}}, {"model": "gallery_app.photo", "pk": 167, "fields": {"image": "photos/IMG-20240427-WA0015.jpg", "group": 6, "image_hash": "8e18beafd63e175f2c94eaa031bcb8339c32a7079c8482b786a6a376b8161fd3", "uploaded_at": "2024-05-31T20:07:50.450Z"}}, {"model": "gallery_app.photo", "pk": 168, "fields": {"image": "photos/IMG-20240501-WA0000.jpg", "group": 6, "image_hash": "cc5e54355626c12838380f15a0637f971ec20322668548e806cb70243eb95088", "uploaded_at": "2024-05-31T20:07:50.474Z"}}, {"model": "gallery_app.photo", "pk": 169, "fields": {"image": "photos/IMG-20240501-WA0001.jpg", "group": 6, "image_hash": "894630db42e0baf8a1eb1f7eef5bee7ac25592ff527e0f530a4e826dcbf80e8f", "uploaded_at": "2024-05-31T20:07:50.491Z"}}, {"model": "gallery_app.photo", "pk": 170, "fields": {"image": "photos/IMG-20240501-WA0002.jpg", "group": 6, "image_hash": "bbe170fa7f533312174ec4e9814b4c937ad64fab020f7316e90782cce204565b", "uploaded_at": "2024-05-31T20:07:50.506Z"}}, {"model": "gallery_app.photo", "pk": 171, "fields": {"image": "photos/IMG-20240501-WA0003.jpg", "group": 6, "image_hash": "9e4cf0954045ff10924f09e16b9a3fa26396a0346c165a8641ed9a9edcadf53c", "uploaded_at": "2024-05-31T20:07:50.531Z"}}, {"model": "gallery_app.photo", "pk": 172, "fields": {"image": "photos/IMG-20240501-WA0004.jpg", "group": 6, "image_hash": "c4127c452b82b97e26e5d7782b3c4ed3f835f2a5fdad8bb8209bf0b99d9b1581", "uploaded_at": "2024-05-31T20:07:50.552Z"}}, {"model": "gallery_app.photo", "pk": 173, "fields": {"image": "photos/IMG-20240501-WA0005.jpg", "group": 6, "image_hash": "099d33fe1dc7c355ef556b021a1e57f064f3b6ce89d572fba475fd1cae9bc428", "uploaded_at": "2024-05-31T20:07:50.565Z"}}, {"model": "gallery_app.photo", "pk": 174, "fields": {"image": "photos/IMG-20240501-WA0006.jpg", "group": 6, "image_hash": "1467a618460fad9d7551544850e48ccc2a12247ad810b9529b5f9da15a445835", "uploaded_at": "2024-05-31T20:07:50.582Z"}}, {"model": "gallery_app.photo", "pk": 175, "fields": {"image": "photos/IMG-20240501-WA0007.jpg", "group": 6, "image_hash": "fa6fdbb796f80ee21afdc1e535d48e87794f1adfab3a1e1560bb4765eef5be2c", "uploaded_at": "2024-05-31T20:07:50.605Z"}}, {"model": "gallery_app.photo", "pk": 176, "fields": {"image": "photos/IMG-20240501-WA0008.jpg", "group": 6, "image_hash": "4838f21ec22d0503d6ea2b306f36333cab79415a8db8a84c0807dfb026dbf4d4", "uploaded_at": "2024-05-31T20:07:50.625Z"}}, {"model": "gallery_app.photo", "pk": 177, "fields": {"image": "photos/IMG-20240501-WA0009.jpg", "group": 6, "image_hash": "3e9e03532b88120afe685e5d1f41d5f0ae2e43ddf5508bba1d34ac0bf5e496e6", "uploaded_at": "2024-05-31T20:07:50.643Z"}}, {"model": "gallery_app.photo", "pk": 178, "fields": {"image": "photos/IMG-20240501-WA0010.jpg", "group": 6, "image_hash": "2c1c1c058f1b1b90d517741b7d424bb037f157e27a627df8c45d14e49a263c8c", "uploaded_at": "2024-05-31T20:07:50.661Z"}}, {"model": "gallery_app.photo", "pk": 179, "fields": {"image": "photos/IMG-20240524-WA0000.jpg", "group": 6, "image_hash": "6a77f76edfc11532fc5b568359893a92e125f8a239c6f275db8e3a59f3ad48f7", "uploaded_at": "2024-05-31T20:07:50.684Z"}}, {"model": "gallery_app.photo", "pk": 180, "fields": {"image": "photos/IMG-20240524-WA0001.jpg", "group": 6, "image_hash": "6e7a72b9c7bc379b803c22fb4b11b6addb84cbec0201412cf9a57955e6a2fccb", "uploaded_at": "2024-05-31T20:07:50.700Z"}}, {"model": "gallery_app.photo", "pk": 181, "fields": {"image": "photos/IMG-20240524-WA0002.jpg", "group": 6, "image_hash": "035dea75558788701013f558eec0e18e88b02030d4a3c8c5893b10fb00785f15", "uploaded_at": "2024-05-31T20:07:50.714Z"}}, {"model": "gallery_app.photo", "pk": 182, "fields": {"image": "photos/IMG-20240524-WA0003.jpg", "group": 6, "image_hash": "a4568e22b26f0c5788a342ce8db30587a0a01ea7a5e199d782c95362d6e722ea", "uploaded_at": "2024-05-31T20:07:50.736Z"}}, {"model": "gallery_app.photo", "pk": 183, "fields": {"image": "photos/IMG-20240524-WA0004.jpg", "group": 6, "image_hash": "4e57390f43ec9b575ddd8802659f034150a88fd58161052beb7a298900e9dceb", "uploaded_at": "2024-05-31T20:07:50.753Z"}}, {"model": "gallery_app.photo", "pk": 186, "fields": {"image": "photos/blbejsi_mladsi_bracha.jpg", "group": 1, "image_hash": "d249c20f80965b08ee69c6e9894ec8c4222ba20162822c5c77a5a25defaeeb67", "uploaded_at": "2024-06-01T19:09:30.184Z"}}, {"model": "gallery_app.photo", "pk": 187, "fields": {"image": "photos/386758118_7106474396043826_4108700792104222553_n.jpg", "group": 1, "image_hash": "bf88dd1560180b9a6ef6f7aa9309134e6cd98ba824244dbd5a12f528b56ad46c", "uploaded_at": "2024-06-01T19:09:45.593Z"}}]